<?xml version="1.0" encoding="UTF-8"?>
<beans xmlns="http://www.springframework.org/schema/beans"
    xmlns:xsi="http://www.w3.org/2001/XMLSchema-instance"
    xsi:schemaLocation="
        http://www.springframework.org/schema/beans http://www.springframework.org/schema/beans/spring-beans.xsd">

    <!-- bean definitions here -->
<bean id = "dept" class="com.example.lab02pract.Department" scope = "prototype">
	<constructor-arg name = "college" ref = "coll"/>
</bean>
<bean id = "coll" class = "com.example.lab02pract.College" scope = "singleton">
	<property name="Cid" value ="123"/>
	<property name="CAddress" value = "Kengeri"/>
	<property name="CName" value="RVCE"/>
</bean>

</beans>